{"cameraMode":{"drawMode":0,"name":"Shaded","section":"Shading Mode"},"sceneLighting":false,"audioPlay":false,"sceneViewState":{"m_AlwaysRefresh":false,"showFog":true,"showSkybox":false,"showFlares":true,"showImageEffects":true,"showParticleSystems":true,"showVisualEffectGraphs":true,"m_FxEnabled":true},"in2DMode":false,"pivot":{"x":-9.065298080444336,"y":3.9662113189697267,"z":-9.069999694824219},"rotation":{"x":-0.04077058658003807,"y":-0.03686349093914032,"z":0.001506032538600266,"w":-0.9984903335571289},"size":2.4108519554138185,"orthographic":false}